{
  "Format": "2.0.0",
  "ConfigSchema": {
    "Font": {
      "AllowValues": "FontNghieng, FontThang, FontComic, FontPx",
      "Default": "FontPx",
      "Section": "Tùy Chỉnh Font"
    },
    "Font2": {
      "AllowValues": "FontMM, FontCC",
      "Default": "FontMM",
      "Section": "Tùy Chỉnh Font"
    },
    "TimeFormat": {
      "AllowValues": "12, 24",
      "Default": "24",
      "Section": "Thời gian"
    },
    "TimeType": {
      "AllowValues": "en, vn",
      "Default": "vn",
      "Section": "Thời gian"
    },
    "Graphics": {
      "AllowValues": "true, false",
      "Default": "false",
      "Section": "Mod Đồ Họa khác"
    }
  },
  "Changes": [
    {
      "Action": "EditData",
      "Entries": {
        "ILoveFish.VietnameseTranslation": {
          "ButtonTexture": "Mods/ILoveFish.VietnameseTranslation/Button",
          "ClockDateFormat": "[DAY_OF_WEEK]. [DAY_OF_MONTH]",
          "ClockTimeFormat": "[HOURS_24]:[MINUTES]",
          "FontApplyYOffset": true,
          "FontFile": "Fonts/minhhien",
          "FontPixelZoom": 0.75,
          "ID": "ILoveFish.VietnameseTranslation",
          "LanguageCode": "vi",
          "NumberComma": ",",
          "TimeFormat": "[HOURS_24]:[MINUTES] ",
          "UseGenderedCharacterTranslations": true,
          "UseLatinFont": false
        }
      },
      "Target": "Data/AdditionalLanguages",
      "when": {
        "Font": "FontNghieng",
        "TimeFormat": "24"
      }
    },
    {
      "Action": "EditData",
      "Entries": {
        "ILoveFish.VietnameseTranslation": {
          "ButtonTexture": "Mods/ILoveFish.VietnameseTranslation/Button",
          "ClockDateFormat": "[DAY_OF_WEEK]. [DAY_OF_MONTH]",
          "ClockTimeFormat": "[HOURS_12_0]:[MINUTES] [AM_PM]",
          "FontApplyYOffset": true,
          "FontFile": "Fonts/minhhien",
          "FontPixelZoom": 0.75,
          "ID": "ILoveFish.VietnameseTranslation",
          "LanguageCode": "vi",
          "NumberComma": ",",
          "TimeFormat": "[HOURS_12_0]:[MINUTES] [AM_PM]",
          "UseGenderedCharacterTranslations": true,
          "UseLatinFont": false
        }
      },
      "Target": "Data/AdditionalLanguages",
      "when": {
        "Font": "FontNghieng",
        "TimeFormat": "12"
      }
    },
    {
      "Action": "EditData",
      "Entries": {
        "ILoveFish.VietnameseTranslation": {
          "ButtonTexture": "Mods/ILoveFish.VietnameseTranslation/Button",
          "ClockDateFormat": "[DAY_OF_WEEK]. [DAY_OF_MONTH]",
          "ClockTimeFormat": "[HOURS_24]:[MINUTES]",
          "FontApplyYOffset": true,
          "FontFile": "Fonts/minhhienxx",
          "FontPixelZoom": 0.75,
          "ID": "ILoveFish.VietnameseTranslation",
          "LanguageCode": "vi",
          "NumberComma": ",",
          "TimeFormat": "[HOURS_24]:[MINUTES]",
          "UseGenderedCharacterTranslations": true,
          "UseLatinFont": false
        }
      },
      "Target": "Data/AdditionalLanguages",
      "when": {
        "Font": "FontThang",
        "TimeFormat": "24"
      }
    },
    {
      "Action": "EditData",
      "Entries": {
        "ILoveFish.VietnameseTranslation": {
          "ButtonTexture": "Mods/ILoveFish.VietnameseTranslation/Button",
          "ClockDateFormat": "[DAY_OF_WEEK]. [DAY_OF_MONTH]",
          "ClockTimeFormat": "[HOURS_12_0]:[MINUTES] [AM_PM]",
          "FontApplyYOffset": true,
          "FontFile": "Fonts/minhhienxx",
          "FontPixelZoom": 0.75,
          "ID": "ILoveFish.VietnameseTranslation",
          "LanguageCode": "vi",
          "NumberComma": ",",
          "TimeFormat": "[HOURS_12_0]:[MINUTES] [AM_PM]",
          "UseGenderedCharacterTranslations": true,
          "UseLatinFont": false
        }
      },
      "Target": "Data/AdditionalLanguages",
      "when": {
        "Font": "FontThang",
        "TimeFormat": "12"
      }
    },
    {
      "Action": "EditData",
      "Entries": {
        "ILoveFish.VietnameseTranslation": {
          "ButtonTexture": "Mods/ILoveFish.VietnameseTranslation/Button",
          "ClockDateFormat": "[DAY_OF_WEEK]. [DAY_OF_MONTH]",
          "ClockTimeFormat": "[HOURS_24]:[MINUTES]",
          "FontApplyYOffset": true,
          "FontFile": "Fonts/minhhienpx",
          "FontPixelZoom": 0.75,
          "ID": "ILoveFish.VietnameseTranslation",
          "LanguageCode": "vi",
          "NumberComma": ",",
          "TimeFormat": "[HOURS_24]:[MINUTES]",
          "UseGenderedCharacterTranslations": true,
          "UseLatinFont": false
        }
      },
      "Target": "Data/AdditionalLanguages",
      "when": {
        "Font": "FontPx",
        "TimeFormat": "24"
      }
    },
    {
      "Action": "EditData",
      "Entries": {
        "ILoveFish.VietnameseTranslation": {
          "ButtonTexture": "Mods/ILoveFish.VietnameseTranslation/Button",
          "ClockDateFormat": "[DAY_OF_WEEK]. [DAY_OF_MONTH]",
          "ClockTimeFormat": "[HOURS_12_0]:[MINUTES] [AM_PM]",
          "FontApplyYOffset": true,
          "FontFile": "Fonts/minhhienpx",
          "FontPixelZoom": 0.75,
          "ID": "ILoveFish.VietnameseTranslation",
          "LanguageCode": "vi",
          "NumberComma": ",",
          "TimeFormat": "[HOURS_12_0]:[MINUTES] [AM_PM]",
          "UseGenderedCharacterTranslations": true,
          "UseLatinFont": false
        }
      },
      "Target": "Data/AdditionalLanguages",
      "when": {
        "Font": "FontPx",
        "TimeFormat": "12"
      }
    },
    {
      "Action": "EditData",
      "Entries": {
        "ILoveFish.VietnameseTranslation": {
          "ButtonTexture": "Mods/ILoveFish.VietnameseTranslation/Button",
          "ClockDateFormat": "[DAY_OF_WEEK]. [DAY_OF_MONTH]",
          "ClockTimeFormat": "[HOURS_24]:[MINUTES]",
          "FontApplyYOffset": true,
          "FontFile": "Fonts/minhhienhh",
          "FontPixelZoom": 0.67,
          "ID": "ILoveFish.VietnameseTranslation",
          "LanguageCode": "vi",
          "NumberComma": ",",
          "TimeFormat": "[HOURS_24]:[MINUTES]",
          "UseGenderedCharacterTranslations": true,
          "UseLatinFont": false
        }
      },
      "Target": "Data/AdditionalLanguages",
      "when": {
        "Font": "FontComic",
        "TimeFormat": "24"
      }
    },
    {
      "Action": "EditData",
      "Entries": {
        "ILoveFish.VietnameseTranslation": {
          "ButtonTexture": "Mods/ILoveFish.VietnameseTranslation/Button",
          "ClockDateFormat": "[DAY_OF_WEEK]. [DAY_OF_MONTH]",
          "ClockTimeFormat": "[HOURS_12_0]:[MINUTES] [AM_PM]",
          "FontApplyYOffset": true,
          "FontFile": "Fonts/minhhienhh",
          "FontPixelZoom": 0.67,
          "ID": "ILoveFish.VietnameseTranslation",
          "LanguageCode": "vi",
          "NumberComma": ",",
          "TimeFormat": "[HOURS_12_0]:[MINUTES] [AM_PM]",
          "UseGenderedCharacterTranslations": true,
          "UseLatinFont": false
        }
      },
      "Target": "Data/AdditionalLanguages",
      "when": {
        "Font": "FontComic",
        "TimeFormat": "12"
      }
    },
    {
      "Action": "EditData",
      "Entries": {
        "DayTimeMoneyBox.cs.10370": "am.",
        "DayTimeMoneyBox.cs.10371": "pm."
      },
      "Target": "Strings/StringsFromCSFiles",
      "when": {
        "TimeType": "en"
      }
    },
    {
      "Action": "EditData",
      "Entries": {
        "DayTimeMoneyBox.cs.10370": "sa.",
        "DayTimeMoneyBox.cs.10371": "ch."
      },
      "Target": "Strings/StringsFromCSFiles",
      "when": {
        "TimeType": "vn"
      }
    },
    {
      "Action": "Load",
      "FromFile": "metadata/LooseSprites/tiengviet.png",
      "Target": "Mods/ILoveFish.VietnameseTranslation/Button"
    },
    {
      "Action": "Load",
      "FromFile": "metadata/Fonts/minhhienxx.fnt",
      "Target": "Fonts/minhhienxx",
      "when": {
        "Font": "FontThang"
      }
    },
    {
      "Action": "Load",
      "FromFile": "metadata/Fonts/minhhienxx_0.png",
      "Target": "Fonts/minhhienxx_0",
      "when": {
        "Font": "FontThang"
      }
    },
    {
      "Action": "Load",
      "FromFile": "metadata/Fonts/minhhien.fnt",
      "Target": "Fonts/minhhien",
      "when": {
        "Font": "FontNghieng"
      }
    },
    {
      "Action": "Load",
      "FromFile": "metadata/Fonts/minhhien_0.png",
      "Target": "Fonts/minhhien_0",
      "when": {
        "Font": "FontNghieng"
      }
    },
    {
      "Action": "Load",
      "FromFile": "metadata/Fonts/minhhien_1.png",
      "Target": "Fonts/minhhien_1",
      "when": {
        "Font": "FontNghieng"
      }
    },
    {
      "Action": "Load",
      "FromFile": "metadata/Fonts/minhhienhh.fnt",
      "Target": "Fonts/minhhienhh",
      "when": {
        "Font": "FontComic"
      }
    },
    {
      "Action": "Load",
      "FromFile": "metadata/Fonts/minhhienhh_0.png",
      "Target": "Fonts/minhhienhh_0",
      "when": {
        "Font": "FontComic"
      }
    },
    {
      "Action": "Load",
      "FromFile": "metadata/Fonts/minhhienpx.fnt",
      "Target": "Fonts/minhhienpx",
      "when": {
        "Font": "FontPx"
      }
    },
    {
      "Action": "Load",
      "FromFile": "metadata/Fonts/minhhienpx_0.png",
      "Target": "Fonts/minhhienpx_0",
      "when": {
        "Font": "FontPx"
      }
    },
    {
      "Action": "Load",
      "FromFile": "metadata/Fonts/minhhienpx_1.png",
      "Target": "Fonts/minhhienpx_1",
      "when": {
        "Font": "FontPx"
      }
    },
    {
      "Action": "Load",
      "FromFile": "metadata/{{Target}}.xnb",
      "Target": "Fonts/SmallFont, Fonts/SpriteFont1",
      "when": {
        "Font2": "FontCC",
        "Language": "vi"
      }
    },
    {
      "Action": "Load",
      "FromFile": "metadata/{{Target}}N.xnb",
      "Target": "Fonts/SmallFont, Fonts/SpriteFont1",
      "when": {
        "Font2": "FontMM",
        "Language": "vi"
      }
    },
    {
      "Action": "Load",
      "FromFile": "strings/{{Target}}.xnb",
      "Target": "Characters/Dialogue/Abigail, Characters/Dialogue/Alex, Characters/Dialogue/Caroline, Characters/Dialogue/Clint, Characters/Dialogue/Demetrius, Characters/Dialogue/Dwarf, Characters/Dialogue/Elliott, Characters/Dialogue/Emily, Characters/Dialogue/Evelyn, Characters/Dialogue/George, Characters/Dialogue/Gil, Characters/Dialogue/Gus, Characters/Dialogue/Haley, Characters/Dialogue/Harvey, Characters/Dialogue/Jas, Characters/Dialogue/Jodi, Characters/Dialogue/Kent, Characters/Dialogue/Krobus, Characters/Dialogue/Leah, Characters/Dialogue/Leo, Characters/Dialogue/LeoMainland, Characters/Dialogue/Lewis, Characters/Dialogue/Linus, Characters/Dialogue/Marnie, Characters/Dialogue/MarriageDialogue, Characters/Dialogue/MarriageDialogueAbigail, Characters/Dialogue/MarriageDialogueAlex, Characters/Dialogue/MarriageDialogueElliott, Characters/Dialogue/MarriageDialogueEmily, Characters/Dialogue/MarriageDialogueHaley, Characters/Dialogue/MarriageDialogueHarvey, Characters/Dialogue/MarriageDialogueKrobus, Characters/Dialogue/MarriageDialogueLeah, Characters/Dialogue/MarriageDialogueMaru, Characters/Dialogue/MarriageDialoguePenny, Characters/Dialogue/MarriageDialogueSam, Characters/Dialogue/MarriageDialogueSebastian, Characters/Dialogue/MarriageDialogueShane, Characters/Dialogue/Maru, Characters/Dialogue/Mister Qi, Characters/Dialogue/Pam, Characters/Dialogue/Penny, Characters/Dialogue/Pierre, Characters/Dialogue/rainy, Characters/Dialogue/Robin, Characters/Dialogue/Sam, Characters/Dialogue/Sandy, Characters/Dialogue/Sebastian, Characters/Dialogue/Shane, Characters/Dialogue/Vincent, Characters/Dialogue/Willy, Characters/Dialogue/Wizard",
      "when": {
        "Language": "vi"
      }
    },
    {
      "Action": "Load",
      "FromFile": "strings/{{Target}}.xnb",
      "Target": "Data/Events/AbandonedJojaMart, Data/Events/AnimalShop, Data/Events/ArchaeologyHouse, Data/Events/Backwoods, Data/Events/BathHouse_Pool, Data/Events/Beach, Data/Events/BoatTunnel, Data/Events/BusStop, Data/Events/CommunityCenter, Data/Events/ElliottHouse, Data/Events/Farm, Data/Events/FarmHouse, Data/Events/FishShop, Data/Events/Forest, Data/Events/HaleyHouse, Data/Events/HarveyRoom, Data/Events/Hospital, Data/Events/IslandHut, Data/Events/IslandNorth, Data/Events/IslandSouth, Data/Events/IslandWest, Data/Events/JoshHouse, Data/Events/LeahHouse, Data/Events/ManorHouse, Data/Events/Mine, Data/Events/Mountain, Data/Events/QiNutRoom, Data/Events/Railroad, Data/Events/Saloon, Data/Events/SamHouse, Data/Events/SandyHouse, Data/Events/ScienceHouse, Data/Events/SebastianRoom, Data/Events/SeedShop, Data/Events/Sewer, Data/Events/Sunroom, Data/Events/Temp, Data/Events/Tent, Data/Events/Town, Data/Events/Trailer, Data/Events/Trailer_Big, Data/Events/WizardHouse, Data/Events/Woods",
      "when": {
        "Language": "vi"
      }
    },
    {
      "Action": "Load",
      "FromFile": "strings/{{Target}}.xnb",
      "Target": "Data/Festivals/fall16, Data/Festivals/fall27, Data/Festivals/FestivalDates, Data/Festivals/spring13, Data/Festivals/spring24, Data/Festivals/summer11, Data/Festivals/summer28, Data/Festivals/winter25, Data/Festivals/winter8",
      "when": {
        "Language": "vi"
      }
    },
    {
      "Action": "Load",
      "FromFile": "strings/{{Target}}.xnb",
      "Target": "Data/TV/CookingChannel, Data/TV/TipChannel",
      "when": {
        "Language": "vi"
      }
    },
    {
      "Action": "Load",
      "FromFile": "strings/{{Target}}.xnb",
      "Target": "Strings/schedules/Abigail, Strings/schedules/Alex, Strings/schedules/Caroline, Strings/schedules/Clint, Strings/schedules/Demetrius, Strings/schedules/Elliott, Strings/schedules/Emily, Strings/schedules/Evelyn, Strings/schedules/George, Strings/schedules/Gus, Strings/schedules/Haley, Strings/schedules/Harvey, Strings/schedules/Jas, Strings/schedules/Jodi, Strings/schedules/Leah, Strings/schedules/Leo, Strings/schedules/Lewis, Strings/schedules/Linus, Strings/schedules/Marnie, Strings/schedules/Maru, Strings/schedules/Pam, Strings/schedules/Penny, Strings/schedules/Pierre, Strings/schedules/Robin, Strings/schedules/Sam, Strings/schedules/Sandy, Strings/schedules/Sebastian, Strings/schedules/Shane, Strings/schedules/Vincent, Strings/schedules/Willy",
      "when": {
        "Language": "vi"
      }
    },
    {
      "Action": "Load",
      "FromFile": "strings/{{Target}}.xnb",
      "Target": " Strings/animationDescriptions, Strings/BigCraftables, Strings/Buildings, Strings/BundleNames, Strings/Characters, Strings/credits, Strings/EnchantmentNames, Strings/Events, Strings/FarmAnimals, Strings/Furniture, Strings/Lexicon, Strings/Locations, Strings/MovieConcessions, Strings/MovieReactions, Strings/Movies, Strings/Notes, Strings/NPCNames, Strings/Objects, Strings/Pants, Strings/Quests, Strings/Shirts, Strings/SimpleNonVillagerDialogues, Strings/SpecialOrderStrings, Strings/SpeechBubbles, Strings/StringsFromCSFiles, Strings/StringsFromMaps, Strings/UI, Strings/Weapons, Strings/WorldMap",
      "when": {
        "Language": "vi"
      }
    },
    {
      "Action": "Load",
      "FromFile": "strings/{{Target}}.xnb",
      "Target": "Strings/1_6_Strings",
      "when": {
        "Language": "vi"
      }
    },
    {
      "Action": "Load",
      "FromFile": "strings/{{Target}}.xnb",
      "Target": "Data/Achievements, Data/Boots, Data/Bundles, Data/EngagementDialogue, Data/ExtraDialogue, Data/hats, Data/mail, Data/Monsters, Data/NPCGiftTastes, Data/PaintData, Data/Quests, Data/SecretNotes",
      "when": {
        "Language": "vi"
      }
    },
    {
      "Action": "EditImage",
      "FromFile": "metadata/{{Target}}.png",
      "PatchMode": "Overlay",
      "Target": "LooseSprites/Billboard, LooseSprites/Cursors, LooseSprites/JunimoNote",
      "when": {
        "Graphics": "false",
        "Language": "vi"
      }
    },
    {
      "Action": "EditImage",
      "FromFile": "metadata/{{Target}}.png",
      "Target": "Minigames/jojacorps",
      "when": {
        "Graphics": "false",
        "Language": "vi"
      }
    },
    {
      "Action": "EditImage",
      "FromFile": "metadata/{{Target}}.png",
      "PatchMode": "Overlay",
      "Target": "Minigames/Intro, Minigames/TitleButtons",
      "when": {
        "Graphics": "false",
        "Language": "vi"
      }
    },
    {
      "Action": "EditImage",
      "FromArea": {
        "Height": 30,
        "Width": 141,
        "X": 544,
        "Y": 1913
      },
      "FromFile": "metadata/LooseSprites/Cursors_vi2.png",
      "LogName": "FishingNotice",
      "PatchMode": "Replace",
      "Target": "LooseSprites/Cursors",
      "ToArea": {
        "Height": 30,
        "Width": 141,
        "X": 544,
        "Y": 1913
      },
      "When": {
        "Graphics": "false",
        "Language": "vi"
      }
    },
    {
      "Action": "EditImage",
      "FromArea": {
        "Height": 28,
        "Width": 63,
        "X": 361,
        "Y": 84
      },
      "FromFile": "metadata/LooseSprites/Cursors_vi2.png",
      "LogName": "LevelUp",
      "PatchMode": "Replace",
      "Target": "LooseSprites/Cursors",
      "ToArea": {
        "Height": 28,
        "Width": 63,
        "X": 361,
        "Y": 84
      },
      "When": {
        "Graphics": "false",
        "Language": "vi"
      }
    },
    {
      "Action": "EditImage",
      "FromArea": {
        "Height": 23,
        "Width": 69,
        "X": 186,
        "Y": 437
      },
      "FromFile": "metadata/LooseSprites/Cursors_vi2.png",
      "LogName": "SeasonsTiles",
      "PatchMode": "Replace",
      "Target": "LooseSprites/Cursors",
      "ToArea": {
        "Height": 23,
        "Width": 69,
        "X": 186,
        "Y": 437
      },
      "When": {
        "Graphics": "false",
        "Language": "vi"
      }
    },
    {
      "Action": "EditImage",
      "FromArea": {
        "Height": 12,
        "Width": 62,
        "X": 441,
        "Y": 424
      },
      "FromFile": "metadata/LooseSprites/Cursors_vi2.png",
      "LogName": "CalicoSpin",
      "PatchMode": "Replace",
      "Target": "LooseSprites/Cursors",
      "ToArea": {
        "Height": 12,
        "Width": 62,
        "X": 441,
        "Y": 424
      },
      "When": {
        "Graphics": "false",
        "Language": "vi"
      }
    },
    {
      "Action": "EditImage",
      "FromArea": {
        "Height": 14,
        "Width": 126,
        "X": 128,
        "Y": 1367
      },
      "FromFile": "metadata/LooseSprites/Cursors_vi2.png",
      "LogName": "BundleComplete",
      "PatchMode": "Replace",
      "Target": "LooseSprites/Cursors",
      "ToArea": {
        "Height": 14,
        "Width": 126,
        "X": 128,
        "Y": 1367
      },
      "When": {
        "Graphics": "false",
        "Language": "vi"
      }
    },
    {
      "Action": "EditImage",
      "FromArea": {
        "Height": 67,
        "Width": 94,
        "X": 128,
        "Y": 1744
      },
      "FromFile": "metadata/LooseSprites/Cursors_vi2.png",
      "LogName": "ArcadeTile1",
      "PatchMode": "Replace",
      "Target": "LooseSprites/Cursors",
      "ToArea": {
        "Height": 67,
        "Width": 94,
        "X": 128,
        "Y": 1744
      },
      "When": {
        "Graphics": "false",
        "Language": "vi"
      }
    },
    {
      "Action": "EditImage",
      "FromArea": {
        "Height": 48,
        "Width": 66,
        "X": 222,
        "Y": 1744
      },
      "FromFile": "metadata/LooseSprites/Cursors_vi2.png",
      "LogName": "ArcadeTile1_Ends",
      "PatchMode": "Replace",
      "Target": "LooseSprites/Cursors",
      "ToArea": {
        "Height": 48,
        "Width": 66,
        "X": 222,
        "Y": 1744
      },
      "When": {
        "Graphics": "false",
        "Language": "vi"
      }
    },
    {
      "Action": "EditImage",
      "FromFile": "metadata/{{Target}}.png",
      "Target": "LooseSprites/ControllerMaps, LooseSprites/JojaCDForm",
      "When": {
        "Graphics": "false",
        "Language": "vi"
      }
    },
    {
      "Action": "EditImage",
      "FromFile": "metadata/{{Target}}_vi.png",
      "PatchMode": "Overlay",
      "Target": "Maps/bathhouse_tiles, Maps/coopTiles, Maps/DesertTiles, Maps/fall_beach, Maps/fall_outdoorsTileSheet, Maps/fall_town, Maps/Festivals, Maps/samshowtiles, Maps/spring_beach, Maps/spring_outdoorsTileSheet, Maps/spring_town, Maps/summer_beach, Maps/summer_outdoorsTileSheet, Maps/summer_town, Maps/townInterior, Maps/winter_beach, Maps/winter_outdoorsTileSheet, Maps/winter_town",
      "When": {
        "Graphics": "false",
        "Language": "vi"
      }
    },
    {
      "Action": "EditImage",
      "FromFile": "metadata/{{Target}}.png",
      "LogName": "EmilyBox",
      "PatchMode": "Replace",
      "Target": "Maps/desert_festival_tilesheet",
      "ToArea": {
        "Height": 23,
        "Width": 45,
        "X": 161,
        "Y": 305
      },
      "When": {
        "Graphics": "false",
        "Language": "vi"
      }
    }
  ]
}
